{
  "project_info": {
    "project_number": "868281726273",
    "firebase_url": "https://ridesharingapp-b2804-default-rtdb.firebaseio.com",
    "project_id": "ridesharingapp-b2804",
    "storage_bucket": "ridesharingapp-b2804.firebasestorage.app"
  },
  "client": [
    {
      "client_info": {
        "mobilesdk_app_id": "1:868281726273:android:2d1b7eb6f0043b6394ddc0",
        "android_client_info": {
          "package_name": "edu.uga.cs.ridesharingapp"
        }
      },
      "oauth_client": [],
      "api_key": [
        {
          "current_key": "AIzaSyB-WVWIuH-Eu5Gz61DyWJWiFbv9rWnNHbc"
        }
      ],
      "services": {
        "appinvite_service": {
          "other_platform_oauth_client": []
        }
      }
    }
  ],
  "configuration_version": "1"
}